,name,B1,C5,CL30.7,E6,ESC,JTG,start,end,seqnames
1,RP23-135F22.6,0.017857143,0.03125,0,0.368181818,0.577272727,0.392628205,7558602,7605381,chrX
2,Gpkow,0.244748206,0.322949737,0.177540123,0.354566552,0.351768632,0.344776525,7697131,7710262,chrX
3,Wdr45,0.297667678,0.457542238,0.140587945,0.426669241,0.537505899,0.448681055,7721973,7728201,chrX
4,Praf2,0.006774692,0.410048887,0.001974407,0.422502883,0.508946669,0.389328149,7728439,7731064,chrX
5,Ccdc120,0,0.244594595,0.003912707,0.254936634,0.492824961,0.12333887,7731714,7750905,chrX
6,Tfe3,0.089162488,0.358590882,0.000596204,0.454334114,0.5421562,0.431951353,7762560,7775202,chrX
7,Gripap1,0.197656006,0.458050665,0.000328875,0.451719039,0.481361231,0.408335165,7789765,7820567,chrX
8,Kcnd1,0.030510139,0.229161442,0.003416856,0.400707651,0.504828071,0.089314054,7822289,7838280,chrX
9,Otud5,0.257210428,0.427729923,0,0.451806826,0.52661256,0.447399751,7841364,7876626,chrX
10,Pim2,0.223950866,0.428930909,0.000712251,0.391637009,0.430483123,0.40459596,7878262,7883432,chrX
11,Slc35a2,0.301602889,0.427602637,0.023383107,0.48970269,0.484735996,0.473782249,7884041,7894492,chrX
12,Pqbp1,0.287394584,0.430448088,0.002101908,0.465188529,0.437402494,0.45509981,7894519,7899269,chrX
13,Timm17b,0.244167765,0.341491781,0.004667878,0.490173781,0.508452533,0.466297868,7899357,7908351,chrX
14,Pcsk1n,0.054173355,0.160351509,0.003040883,0.149253107,0.382872729,0.083466763,7919822,7924410,chrX
15,Hdac6,0.168135686,0.267955683,0.000498562,0.378575317,0.462595827,0.395533649,7930120,7947889,chrX
16,Suv39h1,0.349451653,0.382625179,0.379508146,0.443206354,0.563864943,0.453980383,8061171,8074760,chrX
17,Wdr13,0.001590712,0.382644972,0.000498061,0.437101676,0.551636501,0.454216289,8123301,8132892,chrX
18,Rbm3,0.001072864,0.34771267,0.00024554,0.547402005,0.592084024,0.564662556,8138975,8145880,chrX
19,Rbm3os,0,0.392424242,0,0.653627312,0.692857143,0.610264228,8145429,8147964,chrX
20,Tbc1d25,0.002487562,0.236765202,0,0.452809378,0.427578157,0.374617425,8154472,8176181,chrX
21,Ebp,0.000894885,0.24634421,0.002724521,0.277631837,0.512898369,0.443425391,8185329,8193512,chrX
22,Porcn,0,0.1297909,0,0.291956644,0.55884695,0.246905393,8193848,8206525,chrX
23,Ftsj1,0.13162874,0.357237165,0.418928694,0.491261446,0.555457794,0.47194871,8238668,8252406,chrX
24,Dynlt3,NA,NA,0.034855769,0.370192308,0,NA,9654267,9663003,chrX
25,Rpgr,0.006178921,0.027573529,0.004901469,0.291817237,0.328282164,0,10073621,10216920,chrX
26,Mid1ip1,0,0.006756757,0.004098361,0.536031645,0.415178571,0.050680985,10715013,10719690,chrX
27,Bcor,0,0,0.000626708,0.459448419,0.400431691,0.000723162,12036740,12160355,chrX
28,Atp6ap2,0.330112805,0.294181898,0.000406339,0.470066687,0.53655127,0.377339552,12587801,12617049,chrX
29,1810030O07Rik,0.229224871,0.210434555,0.707275384,0.733073913,0.849878879,0.703265557,12654879,12673668,chrX
30,Med14,0.403442269,0.335534704,0.420953951,0.490093159,0.535407425,0.419020196,12675369,12762073,chrX
31,Gm14634,0.191148776,0.233246415,0.488140417,0.650695134,1,0.378787879,12762278,12821492,chrX
32,5730405O15Rik,0.423579109,0.254891104,0.458029197,0.512057626,0.583333333,0.380952381,13042015,13045297,chrX
33,Usp9x,0.426871441,0.385331096,0.465113225,0.468642053,0.546962377,0.431415468,13071498,13173328,chrX
34,2010308F09Rik,0.422619048,0.176079734,0.187062937,0.452380952,0.5,0,13234641,13247736,chrX
35,Ddx3x,0.418718855,0.371249828,0.375051693,0.400451904,0.480824544,0.312065184,13280970,13294052,chrX
36,Fundc1,0.294812186,0.060958066,0.003261299,0.32132875,0.466108872,0.230086692,17556564,17572325,chrX
37,Kdm6a,0.318809287,0.265052939,0.42189713,0.424723257,0.565800981,0.443531735,18162575,18279936,chrX
38,Gm14539,0.413103319,0.407528148,0.418890475,0.604447969,0.679859542,0.609483267,20581141,20581314,chrX
39,Ndufb11,0.452844803,0.435375648,0.024441936,0.441294821,0.507224769,0.436913123,20615326,20617619,chrX
40,Rbm10,0.568181818,0.552083333,0.022364528,0.395116807,0.466501241,0.323293173,20617503,20650901,chrX
41,Uba1,0.448303734,0.430645631,0.416379993,0.457996076,0.531123946,0.448487323,20658326,20683179,chrX
42,Cdk16,0.462254876,0.439487842,0.000739623,0.439445229,0.504203561,0.417575319,20687954,20699880,chrX
43,Usp11,0.409770248,0.387272304,0.000185557,0.444982962,0.42302726,0.417750959,20703906,20720539,chrX
44,Araf,0.381796698,0.363605035,0.445119461,0.470364231,0.508657073,0.382436911,20797814,20860519,chrX
45,Timp1,0,0,0.421428571,0.002136752,0.589436817,0.019125683,20870166,20874735,chrX
46,Cfp,0.382163035,0.037639153,0.272557403,0.26877157,0.410259427,0,20925454,20931555,chrX
47,Elk1,0.286910547,0.044568428,0.32143777,0.331863333,0.542947981,0,20933395,20950608,chrX
48,Uxt,0.329553785,0.1997765,0.343373016,0.362210339,0.578590769,0,20941722,20962017,chrX
49,A230072C01Rik,0.398814912,0.270827993,0.242782189,0.263862508,0.24229704,0.014232009,20961684,20986737,chrX
50,Dock11,0.31486698,0.362992271,0.003067485,0.008695652,0.349636378,0.007633588,35888832,36076562,chrX
51,Akap17b,0.434936031,0.000446828,0.000570776,0.458679199,0.500838169,0.002610512,36608314,36645395,chrX
52,Upf3b,0.37557594,0.053091398,0,0.442559363,0.511437908,0.32138536,37091678,37110322,chrX
53,Nkap,0.486099023,0.053020716,0.000834834,0.431349252,0.476187408,0.422222197,37126795,37150746,chrX
54,Lamp2,0.320128434,0.003589378,0.001630062,0.088001694,0.504828252,0.0019174,38401357,38456454,chrX
55,Cul4b,0.251096491,0.001811594,0,0.07078125,0.488572749,0.226490672,38533274,38576196,chrX
56,Ocrl,0.00216846,0.001054089,0.350660446,0.019766438,0.58620717,0.001232615,47912387,47965868,chrX
57,Apln,0.128262652,0.120291212,0.001420919,0.051233243,0.404378356,0.000973905,48025146,48034853,chrX
58,Zdhhc9,0.001343302,0.001430763,0.484563829,0.097822893,0.488410943,0.001862647,48171969,48208878,chrX
59,Utp14a,0.360320769,0.367146145,0.473423684,0.374935786,0.489627045,0.345817012,48256862,48282453,chrX
60,Bcorl1,0,0.00210084,0.22989943,0.012077295,0.498512867,0.003521127,48341358,48408049,chrX
61,Rbmx2,0.156126216,0.00093633,0.006212528,NA,0.571723477,0.004679991,48695004,48710723,chrX
62,Firre,0.005338887,0.003140246,0.230246155,0.209258943,0.812926295,0.220213781,50555744,50635321,chrX
63,Gm14639,0.65037594,0.407563025,0.808049536,0.26344086,0.35828877,0.505555556,56155528,56156393,chrX
64,Mmgt1,0.353700456,0.002837653,0.446414448,0.423285856,0.530806956,0.380141617,56585512,56598069,chrX
65,Slc9a6,0.142831606,0,0.36598211,0.294069387,0.529450389,0.258097469,56609757,56664230,chrX
66,Htatsf1,0.274918107,0.002760322,0.352284573,0.345544276,0.493922877,0.000428933,57053583,57067183,chrX
67,Rbmx,0.003186697,0.001606267,0.001358734,0.341856859,0.570964175,0.000609013,57383530,57393036,chrX
68,Gm5637,0.519163763,0.42688172,0.547727273,0.56357833,0.586544963,0.741910632,60045111,60046229,chrX
69,Gm8163,NA,0.058823529,0.489130435,0.243055556,0.75,0.552380952,60726389,60727448,chrX
70,Gm14680,0,0,0.328985507,0.573941562,0.795918367,0.210084034,62775585,62776685,chrX
71,Fmr1,0.18300133,0.000632111,0.43172234,0.250964442,0.506426894,0.219204058,68678541,68717963,chrX
72,Pnck,0,0,0.132575758,0.06462585,0.557238122,0,73655994,73660117,chrX
73,Slc6a8,0.203969979,0.004314064,0.253663722,0.273611683,0.589915641,0.004084967,73673150,73682502,chrX
74,Bcap31,0.368992735,0.029063021,0.441023103,0.448951706,0.552061212,0.000784265,73686178,73716175,chrX
75,Abcd1,0.357732037,0.01836489,0.360940313,0.44665272,0.548265442,0,73716597,73738534,chrX
76,Plxnb3,0.240322225,0,0.255533839,0.380986897,0.458333333,0,73757090,73772514,chrX
77,Srpk3,NA,0.029411765,0.181052441,0.267156713,0,0,73774405,73778925,chrX
78,Idh3g,0.454799614,0.018356111,0.422668698,0.45945475,0.538230844,9.44287063267233e-05,73778963,73786897,chrX
79,Ssr4,0.414457926,0.018824859,0.455656566,0.512754698,0.487340824,0,73787028,73790830,chrX
80,Pdzd4,0.149413962,0.001768992,0.002222222,0.335784455,0.651451519,0.00117096,73793359,73824969,chrX
81,Gm14817,0.541666667,0,0.369047619,NA,0.375,0,73795215,73797616,chrX
82,Arhgap4,0.621775026,0.447132616,0,0.541771797,0.536526367,0,73891442,73921870,chrX
83,Naa10,0.380344087,0.270715389,0.002030457,0.391285006,0.517801652,0,73916873,73921944,chrX
84,Renbp,0.062779406,0.03719697,0.033333333,0.862590025,0.497170321,0.008122585,73922121,73930850,chrX
85,Hcfc1,0.435297205,0.35091221,0.326145036,0.39714058,0.490935542,0.238597893,73942792,73966357,chrX
86,Irak1,0.416485733,0.05396926,0.004613798,0.007509329,0.527336919,0.001132374,74013914,74023918,chrX
87,Mecp2,0.47612646,0.439010935,0.38527033,0.422773385,0.478559331,0.011224848,74026592,74135363,chrX
88,Flna,0.465894917,0.435002179,0.00055342,0.456306637,0.563203984,0.0205546,74223461,74249820,chrX
89,Emd,0.481282365,0.468913405,0.000765479,0.475362601,0.502787614,0.044791534,74254687,74261548,chrX
90,Rpl10,0.21595032,0.158403899,0,0.779031459,0.813786141,0.6648492,74270812,74273135,chrX
91,Dnase1l1,0.566216216,0.429888084,0,0.276531493,0.461363636,0.022727273,74273217,74282337,chrX
92,Taz,0.42603926,0.458510592,0,0.518355508,0.522488038,0,74281912,74290151,chrX
93,Atp6ap1,0.482433217,0.525139387,0,0.426388889,0.684615385,0.355933891,74297097,74304721,chrX
94,Gdi1,0.479429374,0.450190704,0.002927856,0.471779581,0.5132982,0.276287696,74304998,74311862,chrX
95,Fam50a,0.481380375,0.477484481,0.001231527,0.479584727,0.504078266,0.002155172,74313033,74320149,chrX
96,Plxna3,0.441235758,0.4277188,0.001058648,0.469341674,0.525997682,0.000505051,74329066,74344689,chrX
97,Lage3,0.390343798,0.435899447,0.000645161,0.500319141,0.532621917,0.001631458,74351276,74353618,chrX
98,Ubl4,0.18835658,0.458511379,0.000670241,0.402995869,0.500795729,0.000595948,74365718,74373218,chrX
99,Slc10a3,0.02919708,0.409659668,0,NA,0.570955754,0,74369217,74373349,chrX
100,Fam3a,0.189080392,0.259210504,0,0.576927513,0.551944989,0,74384719,74393272,chrX
101,Ikbkg,0.484439961,0.489638497,0.002185754,0.444394728,0.499557467,0.001204132,74393290,74453854,chrX
102,G6pdx,0.472426797,0.453083202,0.310634354,0.456580981,0.589082513,0.000463822,74409483,74429194,chrX
103,Vbp1,0.300262816,0.267571328,0.000675907,0.287747732,0.547145735,0.231288638,75514299,75534942,chrX
104,Gm8822,0.76,0.622945831,0.539959169,0.36512928,0.436507937,0.317888563,81820384,81822730,chrX
105,Eif2s3x,0.830213162,0.833067517,0.263262432,0.140276626,0.18262979,0.144154074,94188707,94212862,chrX
106,Apoo,0,0.001206273,0.008064516,0.418727106,0.952786221,0,94367117,94417093,chrX
107,Eda2r,0.327901575,0.164907153,0.371532657,0.173284955,0.559994625,0.322813071,97333840,97377216,chrX
108,Yipf6,0.397636047,0.001326842,0.000249667,0.001067339,0.5059542,0.000696818,98936316,98949017,chrX
109,Igbp1,0.432725155,0.431039377,0.022089087,0.40769621,0.51756,0.399066002,100494291,100516125,chrX
110,Pdzd11,0.415538901,0.216583789,0.000512124,0.007373114,0.509317739,0.000645995,100622883,100626568,chrX
111,Kif4,0.439162684,0.256853766,0.000587062,0.009983688,0.492877467,0.000929316,100625737,100727214,chrX
112,Gdpd2,0.167451073,0.066578343,0.002098796,0.003501381,NA,0,100729873,100738895,chrX
113,Taf1,0.458317631,0.450464658,0.002674217,0.254068241,0.437993911,0.341738397,101532734,101601789,chrX
114,Ogt,0.456522579,0.448212703,0.001538905,NA,0.516261932,0.448497937,101640060,101684351,chrX
115,Pin4,0.047619048,NA,0.491071429,0.507936508,0.8,0.52972028,102119447,102127669,chrX
116,Ercc6l,NA,0.403462575,0.401444353,0.430499978,0.533843343,0.426445041,102141716,102157091,chrX
117,Rps4x,NA,0.374928348,0.000507575,0.414381004,0.572366898,0.483211772,102184941,102189394,chrX
118,Jpx,0.428657714,0.347547974,0.41535562,0.422933288,0,0.328621128,103493558,103506425,chrX
119,Gm9670,0.425,0.372222222,0.498930862,0.464285714,1,0.75,103506812,103507589,chrX
120,Ftx,0.433363238,0.351824579,0.295671869,0.353629977,0.672248804,0.201164021,103560907,103623754,chrX
121,RP23-423B1.6,NA,0.316532258,0.285,0.696428571,NA,0.25,103576426,103581101,chrX
122,5530601H04Rik,0.456495589,0.463037752,0.403541226,0.370967742,0.495342727,0.347862421,105037197,105079609,chrX
123,Pbdc1,0.30653877,0.355122312,0.519052433,0.532146463,0.539923507,0.479817568,105079756,105117090,chrX
124,Cox7b,0.046846847,0.155276064,0,0.287867975,0.455033999,0.03164557,106015700,106022450,chrX
125,Atp7a,0.316203049,0.326292385,0,0.036768348,0.266357206,0.001960784,106027276,106124926,chrX
126,Chm,0.094995799,0.208497156,0.349614835,0.289354469,0.56332783,0.109515657,113040593,113185517,chrX
127,Gm5648,0.697115385,0.678571429,0.038461538,NA,0.103942652,0.236263736,121334988,121336574,chrX
128,Mdm4-ps,NA,0.365942029,0.517676768,0.653439153,0.912878788,0.658653846,128261411,128267924,chrX
129,Cstf2,0.285262683,0.356871161,0,0.392110734,0.467309146,0,134059187,134086819,chrX
130,Trmt2b,0.414456233,0.564209402,0,0.221414258,0.377693966,0.005050505,134222339,134276984,chrX
131,Cenpi,0.376466393,0.439862265,0,0.399660787,0.471132857,0.001173709,134308084,134362639,chrX
132,Hnrnph2,0.578776645,0.742248062,0,0.075824176,0.097744361,0,134601179,134607060,chrX
133,Armcx5,0.34921363,0.349614837,0,0.386749418,0.497854465,0.001798561,135742733,135747322,chrX
134,Gprasp1,0.351124305,0.346382162,0.00085972,0.252941275,0.418811243,0.000642861,135742733,135803474,chrX
135,Morf4l2,0.210686164,0.218114262,0.410283424,0.046168456,0.36439199,0,136732942,136743690,chrX
136,BC065397,0.246011586,0.292775697,0.328966038,0.084487844,0.41344086,0,136741824,136803364,chrX
137,Plp1,0.225965883,0.30308616,0.23875671,0.048291546,0.341363102,0,136822671,136839733,chrX
138,Slc25a53,0.002774353,0.441705959,0,0.001369238,0.245973723,0.001340908,136981116,137038302,chrX
139,Fam199x,0.005356407,0.240812553,0.00172503,0.005697762,0.40462475,0,137049594,137082503,chrX
140,Rbm41,0.194980111,0.507207817,0.360361812,0.023881239,0.478395062,0.366564997,139889511,139998595,chrX
141,Psmd10,0.077084972,0.36104825,0.379061934,0.281730341,0.487302888,0.008285415,140948429,140956728,chrX
142,Atg4a,0.077292402,0.349007962,0.437865494,0.291085167,0.517661627,0.005969154,140956907,141164270,chrX
143,Kcne1l,0.508760576,0.516284199,0.001329532,0,0.5,0,142304752,142306294,chrX
144,Alg13,0.027854667,NA,0.001346865,0.32129701,0.586881182,0.352534371,144317812,144374450,chrX
145,Tmem29,0.022346369,0.056547619,0.351400862,0.426470588,0.708333333,0.263741135,150397773,150459154,chrX
146,3110067C02Rik,0.187055477,0.310185185,0.206280193,0.305107527,0.166666667,0.111111111,150463726,150466156,chrX
147,Fam120c,0.160843784,NA,0.000203998,0.002738145,0.458919585,0.000791139,151344175,151471842,chrX
148,Phf8,0.001683043,0.027255639,0.000867881,0.253061694,0.505858735,0.002943396,151520672,151633859,chrX
149,Huwe1,0.002031076,0.420369355,0.000701924,0.408601003,0.501343499,0.363973745,151800807,151935417,chrX
150,Hsd17b10,0.000647294,0.386693306,0.00114979,0.384064407,0.524146064,0.329445578,152001845,152004442,chrX
151,Ribc1,0.003267974,0.412255584,0,0.461032514,0.495059289,0.514520958,152004582,152016295,chrX
152,Smc1a,0.011232111,0.4336485,0.000371912,0.46677473,0.472269203,0.427648484,152016428,152062694,chrX
153,Iqsec2,0,0.315732977,0,0.302019953,0.551112288,0.056008012,152144268,152225236,chrX
154,Kdm5c,0.369350885,0.476470043,0.395667557,0.472386044,0.507851724,0.530488165,152233020,152274535,chrX
155,Kantr,0.001302083,NA,0.006269592,0.373239437,0.519141211,0,152298500,152327495,chrX
156,Tspyl2,0.002185026,0.355560216,0.000532933,0.387901861,0.571292552,0,152336852,152342425,chrX
157,Mageh1,0.001134752,0.014649883,0.007327222,0.185676537,0.513656353,0.00154497,153036166,153037575,chrX
158,9530051G07Rik,0,0.005395683,0.233739561,0.326212687,1,0.023076923,153037629,153072915,chrX
159,Foxr2,0,0,0.189285714,0.231707317,0.530153725,0,153118786,153132861,chrX
160,Ubqln2,0.441749432,0.430618457,0,0.015774155,0.241636542,0.000178126,153498227,153501570,chrX
161,Phex,0,0,0,0.216666667,0.5,0,157162075,157415312,chrX
162,Sms,0.001113646,0.005340483,0.001204954,0.322522923,0.503334991,0.001757356,157443855,157492287,chrX
163,Mbtps2,0.010399334,0.476569135,0.009819784,0.487799043,0.459313175,0.004921503,157535371,157598715,chrX
164,Eif1ax,0.002063025,0.188975398,0.001295848,0.309687717,0.469138342,0.001687473,159372178,159389928,chrX
165,A830080D01Rik,0.013864818,0.251559633,0.019985704,0.369401203,0.545483288,0.007993284,159526688,159593081,chrX
166,Phka2,0.008094645,0.011054597,0.42019736,NA,0.550159698,0,160502166,160598878,chrX
167,Cdkl5,0.000419111,0.00070373,0.385719253,0.004312991,0.5258017,0,160784308,160994702,chrX
168,Rbbp7,0.238318592,0.301627034,0.433790146,0.386080909,0.316920026,0.277534965,162760402,162779092,chrX
169,Txlng,0.333596895,0.35379083,0.500655014,0.475679348,0.494157848,0.443910256,162778919,162829454,chrX
170,Syap1,0.410433418,0.446923742,0.486670054,0.48472006,0.573030648,0.457030769,162857057,162888447,chrX
171,Ctps2,0.094664685,0.263839602,0.264097654,0.300382898,0.443348018,0,162901238,163032508,chrX
172,Ap1s2,0.019121921,0.016968007,0.300934643,NA,0.181084068,0.390094805,163909017,163933666,chrX
173,Zrsr2,0.411904528,0.41204481,0.477363,0.492969523,0.50221543,0.463662854,163935443,163958661,chrX
174,Car5b,0.043677664,0.065644971,0.01442176,0.240727715,0.406666667,0.021107114,163976822,164027997,chrX
175,Siah1b,0.408843179,0.45093854,0.385757368,0.390472852,0.433882408,0.388696655,164070705,164076493,chrX
176,Bmx,0,0.1,0.160714286,0.154761905,0,0.1,164192842,164258193,chrX
177,Figf,0,NA,0,0.394787645,0.524712644,0,164373378,164402650,chrX
178,Piga,0.20658011,0.41050417,0.387123918,0.425068886,0.381318048,0.001779359,164419793,164433916,chrX
179,Gemin8,0.240593049,0.53896513,0.62398426,0.637438333,0.547579135,0.612791503,166170454,166190512,chrX
180,Gpm6b,0.092021298,0.39522438,0.464676872,0.432505575,0.4,0.472803942,166238911,166388988,chrX
181,Ofd1,0.282263074,0.552759716,0.565510229,0.491251667,0.490297033,0.519153009,166390033,166440704,chrX
182,Trappc2,NA,0.374316207,0.72505989,0.635031464,0.59124652,0.65847275,166440574,166453140,chrX
183,Rab9,NA,0.511110997,0.000811392,0.481110759,0.514099351,0.003924153,166457253,166479867,chrX
184,Tceanc,NA,0.445403899,0.567167673,0.490211851,0.547825389,0.36651364,166499812,166518567,chrX
185,Tmsb4x,0.024488152,0.137263871,0.00409306,0.309530269,0.886127917,0,167207093,167209315,chrX
186,Hccs,0.34111791,0.423920873,0.000266738,0.451728259,0.525848984,0,169250193,169320372,chrX
187,Gm15246,NA,0.198412698,0,NA,0,0,169320622,169368190,chrX
188,BC022960,0.183585859,0.243083004,0,0.316196447,0.497391304,0,169368189,169370003,chrX
189,Mid1,0.036319616,0.040370201,0.18160315,0.075743847,0.27044151,NA,169685199,170005736,chrX
190,G530011O06Rik,0.734923246,0.572094692,0.223918761,NA,0,0.282193959,169975043,169978917,chrX
191,1110012L19Rik,0.000527983,0.001489576,0,0.000792393,0.478125771,0,70385877,70389417,chrX
192,2210013O21Rik,0.001302083,0.001176471,0.000777605,NA,0.479141725,0.005251116,153723590,153741920,chrX
193,2610002M06Rik,0.003590547,0.000725689,0.002812148,0.001355932,0.590612561,0.002545847,107782751,107816334,chrX
194,2810403D21Rik,0,0,0.009618826,0.020238095,0.416666667,0,108834478,108974906,chrX
195,4933407K13Rik,0.046168696,0.044672192,0.022937612,0.018527683,0.531494399,0.006035341,75706932,75764699,chrX
196,5330434G04Rik,0,0,0,0,NA,0.0625,105348282,105391776,chrX
197,6330419J24Rik,0,0,0,0,0.646860514,0,56374610,56377799,chrX
198,Abcb7,0,0.021246077,0.004248972,0.001472031,0.542533442,0,104280657,104413856,chrX
199,Acot9,0,0,0,0.001683502,0.600491378,0.001420455,155262443,155297654,chrX
200,Acsl4,0.009558789,0.081106863,0.00016372,0.098992391,0.420825618,0.000408497,142317993,142390535,chrX
201,Aff2,0,0.001248439,0.002994012,0.002680965,0.97,0,69360294,69868037,chrX
202,Aifm1,0,0.0125,0,0.043972332,0.622807018,0,48474944,48513563,chrX
203,Amer1,0.00204918,0,0.003838535,0.001422475,0.539950062,0.001168224,95420318,95444872,chrX
204,Ammecr1,0.001854141,0.008188586,0.009160446,0,0.417187975,0.006540484,142851146,142966728,chrX
205,Amot,0.000991865,0.001673871,0,0.001200768,0.441560413,0.000533618,145446425,145505181,chrX
206,Apex2,0.000488281,0,0.001958225,0.003289474,0.573773542,0.00105042,150519519,150589868,chrX
207,Ar,0,0,0,0,0.558333333,0,98149721,98323215,chrX
208,Arhgap6,0.009090909,0.001736111,0,0,0.7,0,168795099,169304435,chrX
209,Arhgef6,0,0,0,0.079217536,0.7,0,57231485,57338729,chrX
210,Arhgef9,0.00091131,0.001416484,0.000158781,0.000772798,0.5,0.001438196,95048935,95196821,chrX
211,Armcx1,0.01030833,0.013446446,0.000859851,0.000647389,0.477175742,0.00041425,134717963,134721917,chrX
212,Armcx2,0.002651843,0.001071524,0.000158755,0.001085032,0.500949172,0.000758849,134804145,134809221,chrX
213,Armcx3,0.002192982,0,0.000701058,0.000307503,0.347826087,0,134756595,134761455,chrX
214,Armcx4,0.001670864,0.035176008,0.000832697,0.002247808,0.546518716,0.000718047,134686519,134696757,chrX
215,Armcx6,0.00102459,0,0.000550661,0.001461988,0.443675889,0,134748461,134751417,chrX
216,Arxes1,0.001127122,0.0008259,0,0.006308472,0.558093671,0.000724638,136033367,136034946,chrX
217,Arxes2,0.000691055,0.001149563,0.000690608,0.019837089,0.485528822,0.000265957,135993824,135995355,chrX
218,Atp11c,0,0.003097437,0.001792894,0.000739645,0.511190476,0.002109705,60223290,60592698,chrX
219,Atrx,0.00030705,0.000693517,0.001402224,0.004118529,0.494693287,0.000713113,105797615,105929397,chrX
220,Awat2,0.1,NA,0,0.044117647,0.383152174,0,100402221,100442717,chrX
221,B630019K06Rik,0,0,0.000904159,0,0.449614891,0,8892382,8894964,chrX
222,BC023829,0.001936108,0,0.000769231,0.001534043,0.516983332,0,70459753,70477180,chrX
223,Bex2,0.001981572,0.001055888,0,0.001152907,0.576702256,0,136066564,136068236,chrX
224,Bhlhb9,0.00129817,0.00328768,0.000350817,0.000723761,0.502361736,0.00023753,135885851,135891081,chrX
225,Brcc3,0,0,0,0.001156069,0.564643249,0.001146789,75416628,75454001,chrX
226,Brwd3,0.004057267,0.003278116,0.00110011,0.003389831,0.545230769,0,108737016,108834372,chrX
227,C430049B03Rik,0.006556202,0.003289474,0,0,0.416666667,0.016666667,53055046,53057190,chrX
228,C77370,0.000786164,0,0,0,0.549575716,0,104077434,104201185,chrX
229,Capn6,0.000144425,0,0,0.002392344,0.520833333,0,143802231,143827414,chrX
230,Cask,0.000418249,0.002482388,0.001120778,0.00136629,0.508747362,0.000793388,13517080,13851367,chrX
231,Ccdc160,0,0,0.006756757,0,0.445469126,0,52791200,52799468,chrX
232,Cd99l2,0.000245098,0.000223714,0.001051773,0.001174168,0.667429957,0,71420060,71492849,chrX
233,Cetn2,0.002764575,0.000653595,0.00127551,0.018139829,0.541644077,0,72913532,72918411,chrX
234,Chic1,0,0,0.002245232,0.000510204,0.559091296,0,103356476,103396092,chrX
235,Chrdl1,0.001243781,0,0,0,0.5,0,143285674,143394262,chrX
236,Chst7,0.000199681,0.001541598,0.000423663,0.000165017,0.534092916,0.000183016,20059560,20097521,chrX
237,Cited1,0,0.015947702,0,0,0.745497881,0,102247381,102252181,chrX
238,Clcn5,0.001447171,0.001096491,0.000812348,0.000704375,0.534232823,0.00135008,7153810,7319358,chrX
239,Cnga2,0,0,0,0,NA,0,71991849,72010218,chrX
240,Col4a5,0.000853074,0.000259202,0.000622649,0.000336791,1,0.001180638,141475385,141689234,chrX
241,Col4a6,0.000600962,0.001672241,0,0.000163773,0.214285714,0.006185364,141165403,141474076,chrX
242,Dcx,0,0.000316376,0.002074689,0.005714286,NA,0,143855842,143933311,chrX
243,Ddx26b,0.000373134,0,0.000698649,0.00394966,0.471383817,0.002645503,56454857,56507843,chrX
244,Dgkk,0.001567398,0.004950495,0.00156552,0,0.44235589,0,6779306,6948363,chrX
245,Dkc1,0.00219748,0.001649007,0.000497018,0.056856032,0.394189547,0,75095854,75109777,chrX
246,Dlg3,0.002617801,0.002040816,0,0,0.641858335,0.002538071,100767722,100818410,chrX
247,Dmd,0,0.000293772,0.000449236,0.000272777,0.428110036,0.000972763,82948870,85206141,chrX
248,Drp2,0.01422152,0.032214885,0.004106776,NA,0.765384615,0.009345794,134404551,134456573,chrX
249,Eda,0.000931099,0,0.002136752,0.000770416,0.460361267,0,99975606,100400762,chrX
250,Efnb1,0,0,0,0,0.482325284,0,99136130,99148991,chrX
251,Elf4,0.08994709,NA,0,0,0.429848901,0,48411046,48463132,chrX
252,Enox2,0.002040816,0.00229992,0.002631579,0.001069519,0.536774629,0,49009707,49288259,chrX
253,Esx1,0,0,0,0.004201681,0.382746383,0,137115397,137122083,chrX
254,F8,0,0,0,0.021028701,0.761904762,0,75172715,75382615,chrX
255,F8a,0.003012048,0.001449275,0,0.002403846,0.607816234,0.006258017,73228291,73230795,chrX
256,Fam122b,0.000560538,0,0,0,0.584022331,0.00204387,53243415,53269805,chrX
257,Fancb,0.001968504,0.003112033,0,0.001754386,0.441022828,0,164980592,164997272,chrX
258,Fgd1,0,0,0.000356633,0.001106195,0.54176887,0.001400454,151046150,151089521,chrX
259,Fhl1,0.000569226,0.001052625,0,0.00161216,0.601239335,0.000371471,56731787,56793346,chrX
260,Foxo4,0.038003402,0.033375376,0,0,0.508374127,0,101254528,101260873,chrX
261,Frmpd3,0,0,0,0,0.571428571,0,140367494,140394540,chrX
262,Gab3,0.015151515,0.008064516,0.06641604,0,0.605555556,0.049819928,74966843,75085458,chrX
263,Gm1141,0,0,0,0.013513514,0.541958042,0,71928816,71940870,chrX
264,Gm14662,0,0,0,0,0.5,0,60893653,60898067,chrX
265,Gm14664,0,0,0,0,NA,0,61041741,61076068,chrX
266,Gm14827,0,0.006666667,0,0.09375,0.5,0,94442732,94447727,chrX
267,Gm15379,0,0,0,0,NA,0,75458812,75459459,chrX
268,Gm21986,0.045454545,0,0,0,0,0,101295839,101321348,chrX
269,Gm26618,0,0,0,0,0,0,6027056,6092269,chrX
270,Gm715,0,0.000534188,0.002879079,0,0.542708333,0,60548019,60548849,chrX
271,Gm7598,NA,0,0,0.022727273,0.5,0,38476461,38482486,chrX
272,Gnl3l,0.003653681,0.001805809,0.000722094,0.005813329,0.471075636,0.00072984,150983141,151017322,chrX
273,Gpc3,0,0,0,0.017241379,0.465914863,0.041666667,52272426,52613950,chrX
274,Gpc4,0.002615004,0.001084599,0.000387898,0.000634249,0.53962285,0.00255102,52053021,52165252,chrX
275,Gpr173,0,NA,0,0.065126448,0.325552826,0,152343598,152368704,chrX
276,Gpr50,0,0,0,0,0.392857143,0,71663667,71669257,chrX
277,Gprasp2,0.006730257,0.05518219,0.005191013,0.03309342,0.455015863,0.01146242,135839034,135844730,chrX
278,Gria3,0.001567398,0.000809061,0.000739645,0.003264054,0,0.001334369,41400854,41678601,chrX
279,Gspt2,0.000552486,0,0,0,0.500148787,0.001398601,94636069,94643244,chrX
280,Gyk,0,0.001132075,0.000637755,0.001587302,0.531417112,0.000905797,85701937,85776819,chrX
281,Haus7,0.00257732,0.00136612,0.002146771,0.016004822,0.456361281,0.002969516,73437315,73459044,chrX
282,Hdac8,0,NA,0,0.055714286,0.583333333,0,102284639,102505359,chrX
283,Hmgb3,0.000613497,0.002736377,0.006931317,0.005925508,0.374632551,0.006306041,71555918,71560676,chrX
284,Hmgn5,0.000878992,0.001285088,0.003642077,0.003818847,0.584671533,0.004189255,109004534,109013404,chrX
285,Hprt,0,0.000394011,0.000395883,0.001296456,0.56350779,0.000353857,52988137,53021659,chrX
286,Ids,0.000207598,0.000954351,0.000549938,0.000898363,0.487008856,0.000869809,70343069,70365084,chrX
287,Itgb1bp2,0.010638298,0.0625,0,0,0.520833333,0,101449088,101453541,chrX
288,Itm2a,0.000297089,0.000287356,0.000830565,0.001580611,0.489791608,0,107397099,107403376,chrX
289,Jade3,0.000479846,0.003134966,0,0,0.614067807,0,20425688,20519939,chrX
290,Kctd12b,NA,0.0825,0.003365917,0.001843561,0.332142857,0.003100198,153685154,153696391,chrX
291,Klf8,0,0,0,0,0.45299718,0,153237466,153396132,chrX
292,Klhl13,0.003105109,0.003811317,0.000186081,0.002123795,0.531742446,0.000314465,23219271,23365082,chrX
293,Klhl15,0.002008032,0.004901961,0,0.007378985,0.462338227,0,94234599,94277724,chrX
294,Lancl3,0,0,0,0.008403361,0.347058824,0,9199902,9268085,chrX
295,Las1l,0.001213592,0.017828978,0.000529942,0.001595968,0.535389779,0.000621891,95935335,95956962,chrX
296,Lpar4,0.063504656,0.072279112,0.004350048,0.000672948,0.546354418,0.001845018,106920625,106933900,chrX
297,Lrch2,0.000448029,0,0.002828922,0.00201582,0.822112876,0.001646611,147470375,147554081,chrX
298,Maged1,0.000336276,0.000450532,0.000370168,0.022788372,0.509061698,0.000643704,94535474,94542143,chrX
299,Maged2,0.000465297,0.000758786,0.000757255,0.000936554,0.542372634,0.000979415,150806370,150814345,chrX
300,Magee1,0.00256541,0.003901383,0.016874054,0.039184859,0.413605442,0.010101273,105120378,105123927,chrX
301,Magt1,0.06319632,NA,0.001469073,NA,0.706062359,0.002404945,105968084,106011906,chrX
302,Mamld1,0,0,0.001239157,0.001191723,0.353846154,0.002270965,71050256,71156056,chrX
303,Maoa,0.001675666,0.000279642,0.003293085,0.001365661,0.375766088,0.004022419,16619698,16687818,chrX
304,Map3k15,0,0,0,0,0.448687779,0,159988433,160123351,chrX
305,Map7d2,0.002644507,0,0.000658762,0.039508929,0.501356305,0.003822587,159414572,159498757,chrX
306,Mcf2,0,0,0,0,0.522054672,0,60055956,60179089,chrX
307,Med12,0.048445699,0.024310113,0,0,0.496349389,0.00120048,101274030,101297465,chrX
308,Mid2,0.000452762,0.000144634,0.00054163,0.001766784,0.607142857,0.000532583,140664599,140767715,chrX
309,Mir351,0,0,0,0,NA,0,53053255,53053353,chrX
310,Morc4,NA,NA,0,0,0.425738397,0.001336898,139821632,139871677,chrX
311,Mospd1,0.001098901,0.003993367,0.00102482,0.002320834,0.466986912,0.003284679,53344598,53370502,chrX
312,Mospd2,0.003824777,0.006040268,0.000691563,0.001642036,0.536933833,0,164936169,164980375,chrX
313,Mpp1,0,0.000485437,0.000841751,0.009661811,0.702113833,0,75109733,75131016,chrX
314,Msl3,0.015453158,0.00787613,0.004233385,0.050859823,0.450096498,0.002720592,168654117,168673898,chrX
315,Msn,0.000895223,0.000967011,0.000937426,0.001062891,0.474061159,0.000370473,96096042,96168552,chrX
316,Mtap7d3,0,0,0,0,0.275735294,0,56797858,56822326,chrX
317,Mtcp1,0,0,0,0.020833333,0.5,0,75404846,75416584,chrX
318,Mtm1,0.000851789,0,0.001319261,0.000458716,0.483120001,0.002557545,71210767,71315691,chrX
319,Mtmr1,0.000531915,0,0.00068306,0.000490677,0.531163427,0,71364760,71419196,chrX
320,Mum1l1,0.000546448,0,0,0.000462963,0.6205074,0,139210042,139238335,chrX
321,Nap1l2,0,0,0,0,0.574117647,0,103184176,103186640,chrX
322,Nap1l3,0.007876344,0.009269866,0.003205128,0,0.464114833,0.005319149,122394565,122397401,chrX
323,Ndp,0.00086254,0.000739573,0.000635324,0.002676915,1,0.000463822,16885521,16911774,chrX
324,Ngfrap1,0.079096045,0.099661208,0,0,0.800009523,0,136270253,136271978,chrX
325,Nhs,0,0,0,0,0.172592593,0,161833296,162159730,chrX
326,Nhsl2,0.002066116,0.038957147,0,0,0.417647925,0.021920871,101849385,102092055,chrX
327,Nlgn3,0.000464253,0.005106068,0,0.00066313,0.666666667,0,101299168,101325963,chrX
328,Nono,0.012871469,0.074611764,0.002436667,0.034703329,0.644249295,0.00272836,101429318,101448591,chrX
329,Nrk,0.00862069,0.001008065,0.001106195,0.002412154,0.509569378,0,138914430,139010532,chrX
330,Nsdhl,0.006050608,0.002852337,0.002116114,0.012361368,0.416065327,0.001097709,72918557,72958514,chrX
331,Nudt10,0.003853565,0,0,0,0.505916346,0,6168696,6173015,chrX
332,Nudt11,0.001111111,0.002948548,0,0,0.59846329,0,6047453,6055110,chrX
333,Nxt2,NA,NA,0.000217391,0.008863794,0.348137442,0,142226770,142239692,chrX
334,Ophn1,0.00088968,0,0.000248509,0.000654165,0.54047619,0.001863834,98554277,98891025,chrX
335,Pabpc5,0,0,0,0,NA,0,119927196,119930165,chrX
336,Pak3,0.000330033,0.000807613,0,0.000823045,0.494680851,0,143518591,143797796,chrX
337,Pcdh11x,0,0,0,0.00128866,NA,0,120290259,120910619,chrX
338,Pcyt1b,0.002944441,0.00261993,0.00020475,0,0.538311817,0.00047081,93654863,93749951,chrX
339,Pdha1,0.000281079,0.010428064,0.000186658,NA,0.656963886,0.000372643,160122209,160138413,chrX
340,Pdk3,0.00029994,0.000922935,0.00184329,0.000677507,0.438194323,0,93764607,93832201,chrX
341,Pfkfb1,0,0,0,0.018518519,0.632227701,0,150588229,150643878,chrX
342,Pgk1,0.005284792,NA,0.000163173,0.013518518,0.147937925,0,106187100,106203699,chrX
343,Pgrmc1,0.056127013,0.001738141,0.00128866,0.001732102,0.567827201,0,36598206,36606079,chrX
344,Phf6,0.000546299,0.000798509,0.000512561,0.001087259,0.433028205,4e-04,52912266,52956943,chrX
345,Phka1,0.00098912,0.000252143,0.000721122,0.001128874,0.42560282,0.002016854,102513975,102644246,chrX
346,Pja1,0,0,0.001973447,0.000527983,0.491488281,0.001364769,99465734,99471273,chrX
347,Pls3,0.002022439,0.00074554,0.000491806,0.00108844,0.513354205,0.00070814,75785654,75875182,chrX
348,Pola1,0.001784338,0.001323452,0.000268745,0.00039557,0.504002548,0.000284252,93304767,93632155,chrX
349,Pou3f4,0.009914737,0.009761555,0.001094291,0.002085773,1,0.00052521,110814280,110817207,chrX
350,Ppp1r3fos,0,0,0,0,0.66191067,0,7573600,7581015,chrX
351,Prdx4,0.012232774,0.008394322,0.000626566,NA,0.626685999,0.000396983,155323918,155340754,chrX
352,Prkx,0.000482625,5e-04,0.000334896,0,0.547047026,0,77761411,77796278,chrX
353,Prps1,0.000420323,0.00019425,0,0.000516262,0.460767094,0.000539084,140456613,140476140,chrX
354,Prps2,0.000905306,0.004982323,0.000208551,0.021527879,0.403584717,0.000152393,167346322,167382749,chrX
355,Prrg1,0.000449236,0.002216825,0.000645161,0.000680272,0.528481013,0,78449613,78583896,chrX
356,Prrg3,0,0,0,0.001696833,0.543999104,0.00204499,71962624,71972722,chrX
357,Rab39b,0,0,0.008934261,0.008032129,0.8,0.010988493,75572046,75578231,chrX
358,Rai2,0.003574557,0.005427408,0.012668697,0.026890549,0,0,161717069,161779496,chrX
359,Reps2,0.000523013,0.00101833,0.005493312,0.03479346,0.131578947,0.029713761,162411954,162643649,chrX
360,Rgag4,0.004081633,0.076502478,0.000591017,0.008207642,0.301120448,0.004040404,102066544,102071304,chrX
361,Rlim,0.005752422,0.064249198,0.001092365,0.024254511,0.507765134,0.00075643,103957163,103981284,chrX
362,Rnf128,0,0,0,0,0.367438522,0,139563316,139673145,chrX
363,Rp2h,0.001511716,0.000345304,0.002376838,0.003812067,0.724322052,0.001414427,20364481,20405653,chrX
364,Rps6ka3,0.000204918,0.000618047,0.000231267,0.002299813,0.513168998,0,159210307,159368244,chrX
365,Rps6ka6,0.000348432,0.001716395,0,0.002572899,0.573280141,0,111388192,111537959,chrX
366,Rragb,0.000892857,0.000454133,0,0.002083333,0.489186096,0.00310559,153139981,153171943,chrX
367,Sat1,0.000791139,0,0,0.040660475,0.601876469,0.001269036,155213132,155216449,chrX
368,Scml2,0.009169454,0.006849315,0.000994036,0,0.333743842,0.00613768,161117193,161258213,chrX
369,Sh3bgrl,0.000597758,0.000400479,0.000432858,0.000221936,0.526546731,0.000478056,109095365,109197873,chrX
370,Sh3kbp1,0,0.004400519,0.000511247,0.009045199,0.436126126,0,159627272,159978069,chrX
371,Shroom2,0.000771605,0.000482625,0,0.000926784,0.519927296,0,152609509,152769465,chrX
372,Shroom4,0,0.000484027,0.001503863,0.000604595,0.61822786,0.001956947,6399854,6637448,chrX
373,Slc16a2,NA,NA,0.008778203,0.007435573,0.442307692,0.004314271,103697414,103821965,chrX
374,Slc25a14,0.014170682,0.003755174,0,0.014292115,0.40270018,0,48623413,48662294,chrX
375,Slc7a3,0.0125,0.025862069,0.006493506,0.015625,0.404531533,0,101079210,101086020,chrX
376,Slc9a7,0.004024004,0,0,0,0.75,0,20105755,20291807,chrX
377,Slitrk2,0,0,0.001943635,0,NA,0,66649318,66661393,chrX
378,Smarca1,0.005681818,0,0,0,0.526785714,0,47809368,47892974,chrX
379,Snx12,0.06380561,0.017898,0.000431779,0.001086957,0.489366352,0.001972387,101097786,101222563,chrX
380,Sox3,0.006465891,0.006240606,0.000459348,0.004624447,0.43559719,0.002518892,60891366,60893430,chrX
381,Spin2c,0,0.011450382,0,0,0.486488139,0,153832225,153834243,chrX
382,Spin4,0,0,0,0,0.384572324,0.002659574,95022510,95026682,chrX
383,Stag2,0.010362694,0,0.025827398,0.064441887,0.442307692,0.028219396,42149317,42277185,chrX
384,Stard8,0,0,0,0,0.339133759,0,99003248,99074728,chrX
385,Syn1,0,0,0,0,0.512704918,0,20860511,20921004,chrX
386,Syp,0.002857143,0.002793296,0,0.009433962,0.355555556,0,7638471,7653256,chrX
387,Sytl4,0,0,0,0,0.5,0,133936385,133981812,chrX
388,Tab3,0.00045208,0.000474383,0.001146789,0.001770956,0.524756951,0.001757469,85574022,85634469,chrX
389,Taf9b,0,0.00044287,0,0.000505561,0.557575758,0.00093985,106206883,106221158,chrX
390,Tbc1d8b,0,0,0.001687844,0.000625,0.468650251,0.001877528,139684996,139753405,chrX
391,Tbl1x,0.00124691,0.001281944,0.000839274,0.001537259,0.50680953,0.00041425,77511013,77662983,chrX
392,Tceal3,0,0.001466375,0,0.006696429,0.75,0.05,136590842,136668378,chrX
393,Tceal8,0.011813995,0.01326324,0.001032791,0.002808071,0.547474734,0.001556981,136168984,136172342,chrX
394,Tmem164,0.000927503,0.001339733,0,0.009613965,0.633112258,0.001567581,142681406,142843494,chrX
395,Tmem255a,0.001945525,0.001567398,0.005747126,0.000190259,0.333333333,0,38196573,38252439,chrX
396,Tmem47,0.000324156,0.000422427,0.000738743,0.000799697,0.712330462,0.00207048,81070698,81097872,chrX
397,Tmsb15b2,0,0,0,0,0.115555556,0,136955265,136958025,chrX
398,Tro,0.036630037,0.012857143,0,0,0.575,0.002293578,150645304,150657583,chrX
399,Tsc22d3,0,0,0,0.002454992,0.561587302,0,140539528,140600659,chrX
400,Tspan7,0,0.002505243,0.000647434,0.024220834,0.496088802,0.001720183,10485158,10596605,chrX
401,Tsr2,0.026226435,0.004301222,0,0.002551137,0.512406643,0.000537057,151087094,151096543,chrX
402,Tsx,0,0,0,0,0.877252252,0,103414467,103424580,chrX
403,Uprt,0,0,0,0.002762451,0.524795082,0.001901141,104482818,104507490,chrX
404,Usp27x,0,0.006578947,0,0,0.542583761,0,7371276,7375830,chrX
405,Usp51,0,0.001207729,0.011378716,0.004848583,0.735294118,0.003289474,153006469,153009416,chrX
406,Vma21,0.000199561,0.000288184,0.000105775,0.000472175,0.510279043,0.000328731,71815924,71839757,chrX
407,Wbp5,0.000636257,0.000664011,0.01014517,0.001735423,0.485653206,0.005880773,136245079,136247139,chrX
408,Wnk3,0,0.000598802,0.00210084,0,0.524898872,0.00209205,151198078,151320152,chrX
409,Xiap,0.033481769,0.004831463,0.003950184,NA,0.526661008,0.003229375,42059679,42109656,chrX
410,Xist,NA,NA,NA,NA,0.925925926,NA,103460375,103483217,chrX
411,Xk,0,0.000888099,0,0.01396648,0.493645714,0,9272756,9313250,chrX
412,Zbtb33,0.000786164,0,0,0.008393285,0.573658997,0,38189793,38197046,chrX
413,Zc3h12b,0,0.011904762,0,0,0.57254902,0,95711678,95932637,chrX
414,Zc4h2,0.002414978,0,0,0,0.526804339,0,95639193,95658509,chrX
415,Zcchc18,0.004107594,NA,0,0.001964637,0.620535714,0,136993155,136998472,chrX
416,Zdhhc15,0.001915709,0.000343407,0.001717413,0.000391236,0.577767118,0.000788644,104536969,104671064,chrX
417,Zfp182,0.004401408,0.002431118,0.003166319,0,0.570512821,0,21028939,21062316,chrX
418,Zfp185,0,0,0,0,0.545781893,NA,72987339,73031543,chrX
419,Zfp275,0.00088968,0.000506586,0.000504541,0.010178693,0.567931258,0.001141553,73342621,73359080,chrX
420,Zfp280c,0.011015964,0.012640401,0.002715486,0.002939256,0.53767007,0.000707214,48541625,48594504,chrX
421,Zfp300,0,0,0.004672897,0,0.666666667,0,21079174,21089527,chrX
422,Zfp449,0,0,0,0,0.520453009,0.003937008,56346400,56365674,chrX
423,Zfx,0.001023541,0.002953401,0.001470588,0.001652893,0.517727273,0,94074631,94123702,chrX
424,Zmat1,0.005602241,0.001344086,0.00386732,0.002218935,0.464285714,0,134971372,135009209,chrX
425,Zmym3,0.057764423,NA,0.000163827,0.015544744,0.506683605,0.000417711,101404384,101420849,chrX
426,Zxdb,0.005263158,0,0,0.01056338,0.496841755,0,94724569,94730187,chrX