chrom1	start1	end1	chrom2	start2	end2	bin1	bin2	kernel_id	iteration	score	pvalue	qvalue
chrX	150475000	150480000	chrX	151810000	151815000	30095	30362	0	0	0.3620365276	0.0000000005	0.0000000009
chrX	150475000	150480000	chrX	152145000	152150000	30095	30429	0	0	0.4628121787	0.0000000000	0.0000000000
chrX	150475000	150480000	chrX	152320000	152325000	30095	30464	0	0	0.3423107705	0.0000001140	0.0000001425
chrX	150705000	150710000	chrX	151110000	151115000	30141	30222	0	0	0.5437266836	0.0000000000	0.0000000000
chrX	150810000	150815000	chrX	151105000	151110000	30162	30221	0	0	0.4939097247	0.0000000000	0.0000000000
chrX	151020000	151025000	chrX	151805000	151810000	30204	30361	0	0	0.4825730548	0.0000000000	0.0000000000
chrX	151095000	151100000	chrX	151805000	151810000	30219	30361	0	0	0.3535446151	0.0000000004	0.0000000008
chrX	151130000	151135000	chrX	151345000	151350000	30226	30269	0	0	0.3299555270	0.0000000068	0.0000000095
chrX	151170000	151175000	chrX	151345000	151350000	30234	30269	0	0	0.4551409354	0.0000000000	0.0000000000
chrX	151345000	151350000	chrX	151805000	151810000	30269	30361	0	0	0.4394547208	0.0000000000	0.0000000000
chrX	151520000	151525000	chrX	151800000	151805000	30304	30360	0	0	0.6092399776	0.0000000000	0.0000000000
chrX	151660000	151665000	chrX	152100000	152105000	30332	30420	0	0	0.3340538852	0.0000000042	0.0000000065
chrX	151805000	151810000	chrX	152335000	152340000	30361	30467	0	0	0.4956551559	0.0000000000	0.0000000000
chrX	151945000	151950000	chrX	152155000	152160000	30389	30431	0	0	0.7821958983	0.0000000000	0.0000000000
